Full-time Faculty Rate (%),Faculty's average salary per month,Mean Earnings (6 Yrs after Entry),Mean Earnings (10 Yrs after Entry)
100.0,27570.0,99600.0,171800.0
1.05,588.0,13300.0,18000.0
65.06224177071509,7621.107832009081,39053.74574347332,50085.18728717366
