Admission Rate(%),Mean Earnings (6 Yrs after Entry),Mean Earnings (10 Yrs after Entry)
100.0,99600.0,153600.0
0.0,13300.0,18000.0
65.50388010540188,39316.403162055336,50388.47167325428
