SAT Range,Count of Schools (%)
<=800,1.0717230008244023
801-1000,31.90436933223413
1001-1200,52.761747732893646
1201-1400,11.129431162407254
1401-1600,3.1327287716405605
