SAT Average Overall,Mean Earnings (6 Yrs after Entry),Mean Earnings (10 Yrs after Entry)
1555.0,99600.0,153600.0
712.0,20900.0,26100.0
1064.7617477328936,39753.42126957956,51170.65127782358
